{
   
        "Vehicles": [
                    {
                        "unit"        : "AT09 Test TPMS",
                        "Driver"      : "Driver1",
                        "SubFleet"    : "Polarix Test",
                        "Group"       : "GG",
                        "Device"      : "4522567889",
                        "Make"        : "TOYOTA",
                        "Model"       : "AVALON",
                        "VIN"         : "8036",
                        "Plate"       : "USA-HGUE",
                        "Last_Report" : "09/05/2017 09:50 am",
                        "Location"    : "14433, Southwest 21st Street",
                        "Status"      : "OK",
                        "ServicePlan" : "Basic"
                    },
                    {
                        "unit"        : "AT09 Test TPMS",
                        "Driver"      : "Driver12",
                        "SubFleet"    : "Polarix Test",
                        "Group"       : "GR",
                        "Device"      : "56252544",
                        "Make"        : "FORD",
                        "Model"       : "AVALON",
                        "VIN"         : "8036",
                        "Plate"       : "USA-HGUE",
                        "Last_Report" : "09/05/2017 09:50 am",
                        "Location"    : "14433, Southwest 21st Street",
                        "Status"      : "OK",
                        "ServicePlan" : "Basic"
                    },
                    {
                        "unit"        : "AT09 Test TPMS",
                        "Driver"      : "Driver3",
                        "SubFleet"    : "Polarix Test",
                        "Group"       : "FE",
                        "Device"      : "45424524554",
                        "Make"        : "TOYOTA",
                        "Model"       : "AVALON",
                        "VIN"         : "8035",
                        "Plate"       : "USA-HGUE",
                        "Last_Report" : "09/05/2017 09:50 am",
                        "Location"    : "14433, Southwest 21st Street",
                        "Status"      : "OK",
                        "ServicePlan" : "Basic"
                    },
                    {
                        "unit"        : "AT09 Test TPMS",
                        "Driver"      : "Driver4",
                        "SubFleet"    : "Polarix Test",
                        "Group"       : "GG",
                        "Device"      : "45424524554",
                        "Make"        : "TOYOTA",
                        "Model"       : "AVALON",
                        "VIN"         : "8039",
                        "Plate"       : "USA-HGUE",
                        "Last_Report" : "09/05/2017 09:50 am",
                        "Location"    : "14433, Southwest 21st Street",
                        "Status"      : "OK",
                        "ServicePlan" : "Basic"
                    },
                    {
                        "unit"        : "AT09 Test TPMS",
                        "Driver"      : "Driver5",
                        "SubFleet"    : "Polarix Test",
                        "Group"       : "EW",
                        "Device"      : "4358431347",
                        "Make"        : "TOYOTA",
                        "Model"       : "AVALON",
                        "VIN"         : "8033",
                        "Plate"       : "USA-HGUE",
                        "Last_Report" : "09/05/2017 09:50 am",
                        "Location"    : "14433, Southwest 21st Street",
                        "Status"      : "OK",
                        "ServicePlan" : "Basic"
                    },
                    {
                        "unit"        : "AT09 Test TPMS",
                        "Driver"      : "Driver1",
                        "SubFleet"    : "Polarix Test",
                        "Group"       : "GG",
                        "Device"      : "45424524554",
                        "Make"        : "TOYOTA",
                        "Model"       : "AVALON",
                        "VIN"         : "8036",
                        "Plate"       : "USA-HGUE",
                        "Last_Report" : "09/05/2017 09:50 am",
                        "Location"    : "14433, Southwest 21st Street",
                        "Status"      : "OK",
                        "ServicePlan" : "Basic"
                    },
                    {
                        "unit"        : "AT09 Test TPMS",
                        "Driver"      : "Driver12",
                        "SubFleet"    : "Polarix Test",
                        "Group"       : "GR",
                        "Device"      : "4234234341",
                        "Make"        : "FORD",
                        "Model"       : "AVALON",
                        "VIN"         : "8036",
                        "Plate"       : "USA-HGUE",
                        "Last_Report" : "09/05/2017 09:50 am",
                        "Location"    : "14433, Southwest 21st Street",
                        "Status"      : "OK",
                        "ServicePlan" : "Basic"
                    },
                    {
                        "unit"        : "AT09 Test TPMS",
                        "Driver"      : "Driver7",
                        "SubFleet"    : "Polarix Test",
                        "Group"       : "FE",
                        "Device"      : "45424524554",
                        "Make"        : "Nissan",
                        "Model"       : "AVALON",
                        "VIN"         : "8035",
                        "Plate"       : "USA-HGUE",
                        "Last_Report" : "09/05/2017 09:50 am",
                        "Location"    : "14433, Southwest 21st Street",
                        "Status"      : "OK",
                        "ServicePlan" : "Basic"
                    },
                    {
                        "unit"        : "AT09 Test TPMS",
                        "Driver"      : "Driver3",
                        "SubFleet"    : "Polarix Test",
                        "Group"       : "GG",
                        "Device"      : "45424524554",
                        "Make"        : "TOYOTA",
                        "Model"       : "AVALON",
                        "VIN"         : "4324",
                        "Plate"       : "USA-HGUE",
                        "Last_Report" : "09/05/2017 09:50 am",
                        "Location"    : "14433, Southwest 21st Street",
                        "Status"      : "OK",
                        "ServicePlan" : "Basic"
                    },
                    {
                        "unit"        : "AT09 Test TPMS",
                        "Driver"      : "Driver4",
                        "SubFleet"    : "Polarix Test",
                        "Group"       : "GG",
                        "Device"      : "45424524554",
                        "Make"        : "TOYOTA",
                        "Model"       : "AVALON",
                        "VIN"         : "8039",
                        "Plate"       : "USA-HGUE",
                        "Last_Report" : "09/05/2017 09:50 am",
                        "Location"    : "14433, Southwest 21st Street",
                        "Status"      : "OK",
                        "ServicePlan" : "Basic"
                    },
                    {
                        "unit"        : "AT09 Test TPMS",
                        "Driver"      : "Driver5",
                        "SubFleet"    : "Polarix Test",
                        "Group"       : "EW",
                        "Device"      : "1231234134",
                        "Make"        : "TOYOTA",
                        "Model"       : "AVALON",
                        "VIN"         : "8033",
                        "Plate"       : "USA-HGUE",
                        "Last_Report" : "09/05/2017 09:50 am",
                        "Location"    : "14433, Southwest 21st Street",
                        "Status"      : "OK",
                        "ServicePlan" : "Basic"
                    },
                    {
                        "unit"        : "AT09 Test TPMS",
                        "Driver"      : "Driver1",
                        "SubFleet"    : "Polarix Test",
                        "Group"       : "GG",
                        "Device"      : "45424524554",
                        "Make"        : "TOYOTA",
                        "Model"       : "AVALON",
                        "VIN"         : "8036",
                        "Plate"       : "USA-HGUE",
                        "Last_Report" : "09/05/2017 09:50 am",
                        "Location"    : "14433, Southwest 21st Street",
                        "Status"      : "OK",
                        "ServicePlan" : "Basic"
                    },
                    {
                        "unit"        : "AT09 Test TPMS",
                        "Driver"      : "Driver12",
                        "SubFleet"    : "Polarix Test",
                        "Group"       : "GR",
                        "Device"      : "4234234341",
                        "Make"        : "FORD",
                        "Model"       : "AVALON",
                        "VIN"         : "8036",
                        "Plate"       : "USA-HGUE",
                        "Last_Report" : "09/05/2017 09:50 am",
                        "Location"    : "14433, Southwest 21st Street",
                        "Status"      : "OK",
                        "ServicePlan" : "Basic"
                    },
                    {
                        "unit"        : "AT09 Test TPMS",
                        "Driver"      : "Driver3",
                        "SubFleet"    : "Polarix Test",
                        "Group"       : "FE",
                        "Device"      : "45424524554",
                        "Make"        : "TOYOTA",
                        "Model"       : "AVALON",
                        "VIN"         : "8035",
                        "Plate"       : "USA-HGUE",
                        "Last_Report" : "09/05/2017 09:50 am",
                        "Location"    : "14433, Southwest 21st Street",
                        "Status"      : "OK",
                        "ServicePlan" : "Basic"
                    },
                    {
                        "unit"        : "AT09 Test TPMS",
                        "Driver"      : "Driver4",
                        "SubFleet"    : "Polarix Test",
                        "Group"       : "GG",
                        "Device"      : "45424524554",
                        "Make"        : "TOYOTA",
                        "Model"       : "AVALON",
                        "VIN"         : "8039",
                        "Plate"       : "USA-HGUE",
                        "Last_Report" : "09/05/2017 09:50 am",
                        "Location"    : "14433, Southwest 21st Street",
                        "Status"      : "OK",
                        "ServicePlan" : "Basic"
                    },
                    {
                        "unit"        : "AT09 Test TPMS",
                        "Driver"      : "Driver5",
                        "SubFleet"    : "Polarix Test",
                        "Group"       : "EW",
                        "Device"      : "1231234134",
                        "Make"        : "TOYOTA",
                        "Model"       : "AVALON",
                        "VIN"         : "8033",
                        "Plate"       : "USA-HGUE",
                        "Last_Report" : "09/05/2017 09:50 am",
                        "Location"    : "14433, Southwest 21st Street",
                        "Status"      : "OK",
                        "ServicePlan" : "Basic"
                    },
                    {
                        "unit"        : "AT09 Test TPMS",
                        "Driver"      : "Driver3",
                        "SubFleet"    : "Polarix Test",
                        "Group"       : "FE",
                        "Device"      : "45424524554",
                        "Make"        : "TOYOTA",
                        "Model"       : "AVALON",
                        "VIN"         : "8035",
                        "Plate"       : "USA-HGUE",
                        "Last_Report" : "09/05/2017 09:50 am",
                        "Location"    : "14433, Southwest 21st Street",
                        "Status"      : "OK",
                        "ServicePlan" : "Basic"
                    },
                    {
                        "unit"        : "AT09 Test TPMS",
                        "Driver"      : "Driver4",
                        "SubFleet"    : "Polarix Test",
                        "Group"       : "GG",
                        "Device"      : "45424524554",
                        "Make"        : "TOYOTA",
                        "Model"       : "AVALON",
                        "VIN"         : "8039",
                        "Plate"       : "USA-HGUE",
                        "Last_Report" : "09/05/2017 09:50 am",
                        "Location"    : "14433, Southwest 21st Street",
                        "Status"      : "OK",
                        "ServicePlan" : "Basic"
                    },
                    {
                        "unit"        : "AT09 Test TPMS",
                        "Driver"      : "Driver5",
                        "SubFleet"    : "Polarix Test",
                        "Group"       : "EW",
                        "Device"      : "1231234134",
                        "Make"        : "TOYOTA",
                        "Model"       : "AVALON",
                        "VIN"         : "8033",
                        "Plate"       : "USA-HGUE",
                        "Last_Report" : "09/05/2017 09:50 am",
                        "Location"    : "14433, Southwest 21st Street",
                        "Status"      : "OK",
                        "ServicePlan" : "Basic"
                    },
                    {
                        "unit"        : "AT09 Test TPMS",
                        "Driver"      : "Driver1",
                        "SubFleet"    : "Polarix Test",
                        "Group"       : "GG",
                        "Device"      : "45424524554",
                        "Make"        : "TOYOTA",
                        "Model"       : "AVALON",
                        "VIN"         : "8036",
                        "Plate"       : "USA-HGUE",
                        "Last_Report" : "09/05/2017 09:50 am",
                        "Location"    : "14433, Southwest 21st Street",
                        "Status"      : "OK",
                        "ServicePlan" : "Basic"
                    },
                    {
                        "unit"        : "AT09 Test TPMS",
                        "Driver"      : "Driver12",
                        "SubFleet"    : "Polarix Test",
                        "Group"       : "GR",
                        "Device"      : "4234234341",
                        "Make"        : "FORD",
                        "Model"       : "AVALON",
                        "VIN"         : "8036",
                        "Plate"       : "USA-HGUE",
                        "Last_Report" : "09/05/2017 09:50 am",
                        "Location"    : "14433, Southwest 21st Street",
                        "Status"      : "OK",
                        "ServicePlan" : "Basic"
                    },
                    {
                        "unit"        : "AT09 Test TPMS",
                        "Driver"      : "Driver3",
                        "SubFleet"    : "Polarix Test",
                        "Group"       : "FE",
                        "Device"      : "45424524554",
                        "Make"        : "TOYOTA",
                        "Model"       : "AVALON",
                        "VIN"         : "8035",
                        "Plate"       : "USA-HGUE",
                        "Last_Report" : "09/05/2017 09:50 am",
                        "Location"    : "14433, Southwest 21st Street",
                        "Status"      : "OK",
                        "ServicePlan" : "Basic"
                    },
                    {
                        "unit"        : "AT09 Test TPMS",
                        "Driver"      : "Driver4",
                        "SubFleet"    : "Polarix Test",
                        "Group"       : "GG",
                        "Device"      : "45424524554",
                        "Make"        : "TOYOTA",
                        "Model"       : "AVALON",
                        "VIN"         : "8039",
                        "Plate"       : "USA-HGUE",
                        "Last_Report" : "09/05/2017 09:50 am",
                        "Location"    : "14433, Southwest 21st Street",
                        "Status"      : "OK",
                        "ServicePlan" : "Basic"
                    },
                    {
                        "unit"        : "AT09 Test TPMS",
                        "Driver"      : "Driver5",
                        "SubFleet"    : "Polarix Test",
                        "Group"       : "EW",
                        "Device"      : "1231234134",
                        "Make"        : "TOYOTA",
                        "Model"       : "AVALON",
                        "VIN"         : "8033",
                        "Plate"       : "USA-HGUE",
                        "Last_Report" : "09/05/2017 09:50 am",
                        "Location"    : "14433, Southwest 21st Street",
                        "Status"      : "OK",
                        "ServicePlan" : "Basic"
                    }
                ]
         
    
}
